{"cameraMode":{"drawMode":0,"name":"Shaded","section":"Shading Mode"},"sceneLighting":false,"audioPlay":false,"sceneViewState":{"m_AlwaysRefresh":false,"showFog":true,"showSkybox":true,"showFlares":true,"showImageEffects":true,"showParticleSystems":true,"showVisualEffectGraphs":true,"m_FxEnabled":true},"in2DMode":false,"pivot":{"x":-52.40013122558594,"y":19.9093074798584,"z":-29.8626766204834},"rotation":{"x":-0.000011249916497035883,"y":0.9999709129333496,"z":-0.0014999605482444168,"w":-0.007499920669943094},"size":12.809669494628907,"orthographic":false}