{"cameraMode":{"drawMode":0,"name":"Shaded","section":"Shading Mode"},"sceneLighting":false,"audioPlay":false,"sceneViewState":{"m_AlwaysRefresh":false,"showFog":true,"showSkybox":true,"showFlares":true,"showImageEffects":true,"showParticleSystems":true,"showVisualEffectGraphs":true,"m_FxEnabled":true},"in2DMode":false,"pivot":{"x":-31.594999313354493,"y":8.372849464416504,"z":-30.600000381469728},"rotation":{"x":0.7217981815338135,"y":-0.001038153888657689,"z":0.0010826983489096165,"w":0.6921020746231079},"size":14.418074607849121,"orthographic":false}