{"cameraMode":{"drawMode":0,"name":"Shaded","section":"Shading Mode"},"sceneLighting":false,"audioPlay":false,"sceneViewState":{"m_AlwaysRefresh":false,"showFog":true,"showSkybox":true,"showFlares":true,"showImageEffects":true,"showParticleSystems":true,"showVisualEffectGraphs":true,"m_FxEnabled":true},"in2DMode":false,"pivot":{"x":-2.980232238769531e-7,"y":0.9224833250045776,"z":5.960464477539063e-8},"rotation":{"x":0.33779269456863406,"y":-0.46256884932518008,"z":0.19633367657661439,"w":0.7958513498306274},"size":39.081478118896487,"orthographic":false}