{"cameraMode":{"drawMode":0,"name":"Shaded","section":"Shading Mode"},"sceneLighting":false,"audioPlay":false,"sceneViewState":{"m_AlwaysRefresh":false,"showFog":true,"showSkybox":true,"showFlares":true,"showImageEffects":true,"showParticleSystems":true,"showVisualEffectGraphs":true,"m_FxEnabled":true},"in2DMode":false,"pivot":{"x":-37.04388427734375,"y":7.249881744384766,"z":-22.504310607910158},"rotation":{"x":0.33779269456863406,"y":-0.46256884932518008,"z":0.19633367657661439,"w":0.7958513498306274},"size":14.301642417907715,"orthographic":false}