{"cameraMode":{"drawMode":0,"name":"Shaded","section":"Shading Mode"},"sceneLighting":false,"audioPlay":false,"sceneViewState":{"m_AlwaysRefresh":false,"showFog":true,"showSkybox":true,"showFlares":true,"showImageEffects":true,"showParticleSystems":true,"showVisualEffectGraphs":true,"m_FxEnabled":true},"in2DMode":false,"pivot":{"x":-30.78376579284668,"y":14.233918190002442,"z":-30.23813247680664},"rotation":{"x":-0.000011249916497035883,"y":0.9999709129333496,"z":-0.0014999605482444168,"w":-0.007499920669943094},"size":10.323434829711914,"orthographic":false}